-- 초기화
DELETE
FROM member_coupon;
DELETE
FROM point;
DELETE
FROM member;
DELETE
FROM coupon;
DELETE
FROM profile;

-- 프로필 10개 생성 (id 1~10)
INSERT INTO profile (id, name, view_count, created_at, updated_at)
VALUES (1, '홍길동1', 0, '2025-06-21 20:30:00', '2025-06-21 20:30:00'),
       (2, '홍길동2', 1, '2025-06-22 20:30:00', '2025-06-22 20:30:00'),
       (3, '홍길동3', 2, '2025-06-23 20:30:00', '2025-06-23 20:30:00'),
       (4, '홍길동4', 3, '2025-06-24 20:30:00', '2025-06-24 20:30:00'),
       (5, '홍길동5', 4, '2025-06-25 20:30:00', '2025-06-25 20:30:00'),
       (6, '홍길동6', 5, '2025-06-26 20:30:00', '2025-06-26 20:30:00'),
       (7, '홍길동7', 6, '2025-06-27 20:30:00', '2025-06-27 20:30:00'),
       (8, '홍길동8', 7, '2025-06-28 20:30:00', '2025-06-28 20:30:00'),
       (9, '홍길동9', 8, '2025-06-29 20:30:00', '2025-06-29 20:30:00'),
       (10, '홍길동10', 9, '2025-06-30 20:30:00', '2025-06-30 20:30:00');

-- 회원 10명 생성 (profile_id FK 참조)
INSERT INTO member (id, name, point, profile_id, created_at, updated_at)
VALUES (1, '홍길동1', 0, 1, '2025-06-21 20:30:00', '2025-06-21 20:30:00'),
       (2, '홍길동2', 1000, 2, '2025-06-22 20:30:00', '2025-06-22 20:30:00'),
       (3, '홍길동3', 2000, 3, '2025-06-23 20:30:00', '2025-06-23 20:30:00'),
       (4, '홍길동4', 3000, 4, '2025-06-24 20:30:00', '2025-06-24 20:30:00'),
       (5, '홍길동5', 4000, 5, '2025-06-25 20:30:00', '2025-06-25 20:30:00'),
       (6, '홍길동6', 5000, 6, '2025-06-26 20:30:00', '2025-06-26 20:30:00'),
       (7, '홍길동7', 6000, 7, '2025-06-27 20:30:00', '2025-06-27 20:30:00'),
       (8, '홍길동8', 7000, 8, '2025-06-28 20:30:00', '2025-06-28 20:30:00'),
       (9, '홍길동9', 8000, 9, '2025-06-29 20:30:00', '2025-06-29 20:30:00'),
       (10, '홍길동10', 9000, 10, '2025-06-30 20:30:00', '2025-06-30 20:30:00');

-- 쿠폰 2개 생성
INSERT INTO coupon (id, name, discount_value, max_amount, discount_type, enabled, created_at, updated_at,
                    expired_at)
VALUES (1, '정액할인쿠폰', 1000, 1000, 'FIXED', b'1', NOW(), NOW(), DATE_ADD(NOW(), INTERVAL 30 DAY)),
       (2, '정률할인쿠폰', 20, 5000, 'PERCENT', b'1', NOW(), NOW(), DATE_ADD(NOW(), INTERVAL 30 DAY));

-- 회원 쿠폰 매핑 (used=0, 아직 사용 안 함)
INSERT INTO member_coupon (id, member_id, coupon_id, used, used_at, created_at, updated_at)
VALUES
    (1, 1, 1, b'0', NULL, NOW(), NOW()),
    (2, 1, 2, b'0', NULL, NOW(), NOW()),
    (3, 2, 1, b'0', NULL, NOW(), NOW()),
    (4, 2, 2, b'0', NULL, NOW(), NOW()),
    (5, 3, 1, b'0', NULL, NOW(), NOW()),
    (6, 3, 2, b'0', NULL, NOW(), NOW()),
    (7, 4, 1, b'0', NULL, NOW(), NOW()),
    (8, 4, 2, b'0', NULL, NOW(), NOW()),
    (9, 5, 1, b'0', NULL, NOW(), NOW()),
    (10, 5, 2, b'0', NULL, NOW(), NOW()),
    (11, 6, 1, b'0', NULL, NOW(), NOW()),
    (12, 6, 2, b'0', NULL, NOW(), NOW()),
    (13, 7, 1, b'0', NULL, NOW(), NOW()),
    (14, 7, 2, b'0', NULL, NOW(), NOW()),
    (15, 8, 1, b'0', NULL, NOW(), NOW()),
    (16, 8, 2, b'0', NULL, NOW(), NOW()),
    (17, 9, 1, b'0', NULL, NOW(), NOW()),
    (18, 9, 2, b'0', NULL, NOW(), NOW()),
    (19, 10, 1, b'0', NULL, NOW(), NOW()),
    (20, 10, 2, b'0', NULL, NOW(), NOW());
